topk,batch_size,vocab_size,ds_us,ds_tbps,t_us,t_tbps,sp
512,6,256,1.894,0.008,,,
512,6,1024,4.147,0.006,10.662,0.002,2.57
512,6,4096,4.499,0.014,20.639,0.003,4.59
512,6,16384,6.198,0.034,56.996,0.004,9.2
512,6,65536,11.408,0.07,50.917,0.016,4.46
512,6,131072,16.7,0.095,57.892,0.027,3.47
512,6,262144,25.72,0.123,67.255,0.047,2.61
512,6,524288,18.569,0.339,79.674,0.079,4.29
512,6,1048576,23.02,0.547,102.729,0.123,4.46
512,256,256,1.805,0.363,,,
512,256,1024,4.281,0.245,19.762,0.053,4.62
512,256,4096,5.155,0.509,55.905,0.047,10.84
512,256,16384,9.491,0.939,83.475,0.107,8.8
512,256,65536,18.962,1.797,160.707,0.212,8.48
512,256,131072,27.183,2.488,272.686,0.248,10.03
512,256,262144,42.318,3.184,569.699,0.237,13.46
512,256,524288,70.077,3.838,997.089,0.27,14.23
512,256,1048576,120.312,4.467,1900.337,0.283,15.8
512,512,256,2.035,0.644,,,
512,512,1024,6.928,0.303,36.395,0.058,5.25
512,512,4096,8.889,0.59,66.887,0.078,7.52
512,512,16384,16.607,1.073,117.919,0.151,7.1
512,512,65536,33.845,2.014,275.067,0.248,8.13
512,512,131072,50.139,2.698,568.298,0.238,11.33
512,512,262144,80.249,3.358,996.837,0.27,12.42
512,512,524288,135.377,3.973,1897.427,0.283,14.02
512,512,1048576,236.185,4.551,3683.703,0.292,15.6
512,768,256,2.464,0.798,,,
512,768,1024,9.542,0.33,51.703,0.061,5.42
512,768,4096,12.435,0.632,80.134,0.098,6.44
512,768,16384,22.991,1.163,167.353,0.16,7.28
512,768,65536,48.04,2.128,438.426,0.233,9.13
512,768,131072,72.708,2.791,807.584,0.251,11.11
512,768,262144,117.784,3.432,1463.551,0.276,12.43
512,768,524288,199.515,4.044,2788.266,0.289,13.98
512,768,1048576,351.06,4.592,5442.736,0.296,15.5
512,4096,256,7.228,1.451,,,
512,4096,1024,40.142,0.418,98.361,0.171,2.45
512,4096,4096,51.227,0.819,181.279,0.231,3.54
512,4096,16384,94.396,1.511,590.595,0.241,6.26
512,4096,65536,210.513,2.59,1918.279,0.284,9.11
512,4096,131072,325.725,3.322,3707.483,0.292,11.38
512,4096,262144,535.485,4.026,7352.426,0.293,13.73
512,4096,524288,915.492,4.701,16519.412,0.261,18.04
512,4096,1048576,1618.059,5.314,32863.47,0.262,20.31
1024,6,256,1.843,0.015,,,
1024,6,1024,1.91,0.019,9.772,0.004,5.12
1024,6,4096,4.508,0.016,20.486,0.004,4.54
1024,6,16384,6.157,0.036,58.743,0.004,9.54
1024,6,65536,12.537,0.065,50.606,0.016,4.04
1024,6,131072,18.649,0.086,58.097,0.027,3.12
1024,6,262144,28.492,0.111,67.13,0.047,2.36
1024,6,524288,19.17,0.329,80.144,0.079,4.18
1024,6,1048576,25.096,0.502,100.85,0.125,4.02
1024,256,256,1.824,0.647,,,
1024,256,1024,1.827,0.861,19.267,0.082,10.54
1024,256,4096,5.376,0.585,55.659,0.057,10.35
1024,256,16384,9.811,0.962,84.381,0.112,8.6
1024,256,65536,20.313,1.704,162.432,0.213,8.0
1024,256,131072,30.322,2.248,277.135,0.246,9.14
1024,256,262144,46.296,2.922,567.682,0.238,12.26
1024,256,524288,75.859,3.552,999.313,0.27,13.17
1024,256,1048576,130.955,4.108,1892.761,0.284,14.45
1024,512,256,2.067,1.141,,,
1024,512,1024,2.086,1.508,34.687,0.091,16.63
1024,512,4096,9.328,0.674,66.829,0.094,7.16
1024,512,16384,16.854,1.12,119.256,0.158,7.08
1024,512,65536,36.744,1.883,279.089,0.248,7.6
1024,512,131072,57.249,2.381,568.815,0.24,9.94
1024,512,262144,88.348,3.062,1002.579,0.27,11.35
1024,512,524288,146.999,3.666,1894.99,0.284,12.89
1024,512,1048576,256.875,4.188,3684.54,0.292,14.34
1024,768,256,2.531,1.398,,,
1024,768,1024,2.525,1.869,49.429,0.095,19.58
1024,768,4096,13.075,0.722,79.123,0.119,6.05
1024,768,16384,23.369,1.212,167.734,0.169,7.18
1024,768,65536,52.75,1.968,444.977,0.233,8.44
1024,768,131072,82.198,2.488,815.801,0.251,9.92
1024,768,262144,130.097,3.119,1469.838,0.276,11.3
1024,768,524288,217.111,3.724,2788.82,0.29,12.85
1024,768,1048576,382.816,4.215,5470.218,0.295,14.29
1024,4096,256,7.584,2.489,,,
1024,4096,1024,7.606,3.309,98.508,0.255,12.95
1024,4096,4096,53.534,0.94,183.272,0.275,3.42
1024,4096,16384,95.516,1.581,597.25,0.253,6.25
1024,4096,65536,234.618,2.36,1934.523,0.286,8.25
1024,4096,131072,371.07,2.939,3729.244,0.292,10.05
1024,4096,262144,593.388,3.647,7374.036,0.293,12.43
1024,4096,524288,999.701,4.313,16567.88,0.26,16.57
1024,4096,1048576,1776.415,4.845,32903.989,0.262,18.52
